model,rmse,mae,mape,r-squared
sarimax,5033.83702179754,3939.6962370695105,14.445697694796172,0.6715578320089354
xgboost,4507.513329794648,3485.9986147673235,12.925951996720428,0.7366491959813884
lstm,4415.189486913188,3264.1877790178573,12.119452892665139,0.7382019209263798
prophet,3575.490721209628,2699.674151398307,9.927777224711248,0.8342964091332712
