model,rmse,mae,mape,r-squared
sarimax,5459.276770272243,4391.128930103568,15.945418927200777,0.6136945510960725
xgboost,4845.762058650972,3716.5702912703805,13.886043762812475,0.695641959395203
lstm,5439.26689062007,4185.274896002435,14.35571474772003,0.6026726142570704
prophet,4266.527616431766,3345.124908364291,11.801674978878033,0.7640555688799952
